Message Name,User ID,Sequence Number,UL Latency,Processing Time,Total Latency,Delay Budget
Offloaded Data,42,1,13.04731052568915,110.02446612032267,123.17731052568915,100.0
Offloaded Data,46,1,4.11018598996419,116.66858623264201,120.9501859899642,100.0
Offloaded Data,9,1,68.09111531061345,119.61160902709858,187.88111531061344,100.0
Offloaded Data,30,1,2.180720215424392,149.7598858021052,152.0507202154244,100.0
Offloaded Data,15,1,19.959109313973407,175.7994123668875,195.8391093139734,100.0
Offloaded Data,34,1,48.24904910715332,174.53251944737482,222.89904910715333,100.0
Offloaded Data,29,1,2.018888828257747,198.49619814083448,200.54888882825776,100.0
Offloaded Data,27,1,468.96223407788347,241.41603653921848,710.4122340778836,100.0
Offloaded Data,32,1,833001000.0,274.0360152686942,833001274.11,100.0
Offloaded Data,19,1,4.752145066202553,289.9667864725502,294.7921450662026,100.0
Offloaded Data,36,1,380000999.99999994,304.4458453395465,380001304.48999995,100.0
Offloaded Data,22,1,328000999.99999994,313.7970856735342,328001313.85999995,100.0
Offloaded Data,10,1,6.610019361214948,331.8059493400665,338.46001936121496,100.0
Offloaded Data,21,1,1.2474046184571255,340.3871656743342,341.69740461845714,100.0
Offloaded Data,18,1,743001000.0,354.16675367021423,743001354.23,100.0
Offloaded Data,7,1,287000999.99999994,372.50688887306217,287001372.5799999,100.0
Offloaded Data,27,2,326.1065983333394,425.6560677395305,751.7965983333395,100.0
Offloaded Data,28,1,9.85254538034236,438.6295563676075,448.5625453803423,100.0
Offloaded Data,37,1,27.571285887470054,440.8197882016172,468.50128588747003,100.0
Offloaded Data,29,2,1.9657340432242039,472.55619254077845,474.55573404322416,100.0
Offloaded Data,48,1,28.977567390425676,520.5319818446868,549.6275673904256,100.0
Offloaded Data,23,1,13.369520055072861,548.2167480701581,561.6495200550728,100.0
Offloaded Data,49,1,330000999.99999994,578.4668200727182,330001578.53999996,100.0
Offloaded Data,13,1,48.79490206032861,596.4426754477588,645.3449020603285,100.0
Offloaded Data,1,1,18.237907803456924,613.2190464286234,631.5379078034568,100.0
Offloaded Data,18,2,272.7732664922164,644.3268232709102,917.1632664922164,100.0
Offloaded Data,5,1,28.433303346116325,672.5786875632634,701.0933033461163,100.0
Offloaded Data,1,2,5.183106025878898,669.3091424295834,674.5731060258789,100.0
Offloaded Data,23,2,9.041546442051771,689.7269192718702,698.8315464420517,100.0
Offloaded Data,16,1,68.87529456367417,740.6977969526486,809.7652945636742,100.0
Offloaded Data,44,1,3.091045955510605,745.3464088706621,748.5110459555106,100.0
Offloaded Data,35,1,4.923065708884873,801.9422398639266,806.9230657088849,100.0
Offloaded Data,7,2,668001000.0,822.9862792700142,668001823.06,100.0
Offloaded Data,10,2,9.140372490108252,837.0157893392665,846.2003724901082,100.0
Offloaded Data,26,1,14.794081335083781,891.5887656258154,906.4640813350837,100.0
Offloaded Data,45,1,6.8606844484220995,890.2341925189547,897.2006844484222,100.0
Offloaded Data,44,2,1.5124358711087709,885.7669048731423,887.3524358711088,100.0
Offloaded Data,41,1,373.0216350326165,919.1257533363864,1292.1816350326164,100.0
Offloaded Data,30,2,4.398816750408739,912.1094473999133,916.6188167504088,100.0
Offloaded Data,28,2,222001000.0,923.1469928735822,222001923.22,100.0
Offloaded Data,31,1,241.38158661583952,941.0493801995772,1182.5415866158396,100.0
Offloaded Data,46,2,7.164655620889488,931.348040629914,938.6846556208894,100.0
Offloaded Data,39,1,5.88982290075577,962.5655365380024,968.4998229007558,100.0
Offloaded Data,33,1,35.33930367768819,969.8022698461268,1005.2593036776882,100.0
Offloaded Data,38,1,904.930200431717,974.1535157155706,1879.190200431717,100.0
Offloaded Data,40,1,4.262616538905282,983.0312362252346,987.4726165389053,100.0
Offloaded Data,36,2,390000999.99999994,985.2658293394664,390001985.30999994,100.0
Offloaded Data,25,1,191.6784671236001,1003.2666944696223,1195.0084671236,100.0
Offloaded Data,16,2,100.15301107484241,1035.1070929491284,1135.4530110748424,100.0
Offloaded Data,24,1,243.6702357947305,1091.8343445197147,1335.6102357947307,100.0
Offloaded Data,9,2,242.15924203541866,1130.6010874244905,1372.9392420354186,100.0
Offloaded Data,23,3,14.129565384177383,1188.5566304689821,1202.7495653841772,100.0
Offloaded Data,20,1,6.5545385077984655,1222.6840469182266,1229.3445385077985,100.0
Offloaded Data,16,3,18.338139853250933,1206.9381777545527,1225.468139853251,100.0
Offloaded Data,18,3,848001000.0,1213.8666696693742,848002213.93,100.0
Offloaded Data,15,2,23.325595533639547,1225.6491419655356,1249.0555955336395,100.0
Offloaded Data,49,2,410000999.99999994,1239.246692072078,410002239.31999993,100.0
Offloaded Data,21,2,5.423568086642603,1254.8865544682221,1260.3735680866425,100.0
Offloaded Data,29,3,5.700978329099531,1268.8456869357226,1274.5809783290997,100.0
Offloaded Data,48,2,39.285197607584735,1281.3816842431988,1320.7851976075847,100.0
Offloaded Data,19,2,7.039048371654344,1283.6964088706623,1290.8090483716544,100.0
Offloaded Data,14,1,9.184914249327786,1319.4607387116923,1328.7849142493276,100.0
Offloaded Data,30,3,2.3975826175298427,1311.5298794020732,1314.03758261753,100.0
Offloaded Data,41,2,764001000.0,1328.1558421372745,764002328.19,100.0
Offloaded Data,12,1,22.255104445121958,1354.2875681515045,1376.735104445122,100.0
Offloaded Data,0,1,23.61154840275221,1361.3266408690863,1385.0015484027524,100.0
Offloaded Data,47,1,10.421807499658488,1359.9620026447908,1370.5018074996585,100.0
Offloaded Data,27,3,601.681115919748,1342.8758229370826,1944.591115919748,100.0
Offloaded Data,28,3,234001000.0,1366.8969736734862,234002366.97,100.0
Offloaded Data,25,2,264000999.99999994,1488.8171368740464,264002488.87999994,100.0
Offloaded Data,43,1,6.347751518116683,1527.6222026430307,1534.0777515181167,100.0
Offloaded Data,3,1,23.49612504366418,1528.1271009491686,1551.8161250436642,100.0
Offloaded Data,28,4,423000999.99999994,1529.0566712719742,423002529.12999994,100.0
Offloaded Data,26,2,567001000.0,1571.8068944716222,567002571.87,100.0
Offloaded Data,34,2,130.56202837965296,1571.0013930417426,1701.6820283796528,100.0
Offloaded Data,40,2,3.7820261310649492,1613.2913194256505,1617.252026131065,100.0
Offloaded Data,46,3,8.985748177526892,1602.317688628154,1611.4757481775268,100.0
Offloaded Data,9,3,222.96852051739828,1612.1216426272665,1835.2685205173982,100.0
Offloaded Data,23,4,4.783232012402594,1645.2070944736222,1650.0532320124025,100.0
Offloaded Data,25,3,85.41357438719947,1681.8271216738942,1767.3035743871997,100.0
Offloaded Data,29,4,3.797018017401969,1677.9759621384744,1681.807018017402,100.0
Offloaded Data,37,2,69.73438560897709,1737.4588521969372,1807.304385608977,100.0
Offloaded Data,4,1,128.75596351617486,1752.247949429458,1881.175963516175,100.0
Offloaded Data,49,3,263000999.99999994,1734.0169272732542,263002734.08999994,100.0
Offloaded Data,42,2,24.17716496077068,1746.6239589177867,1770.9071649607706,100.0
Offloaded Data,46,4,2.207870261041929,1727.31885183397,1729.697870261042,100.0
Offloaded Data,11,1,138.93368995952483,1767.6071233492805,1906.7336899595248,100.0
Offloaded Data,13,2,222.51538798722663,1770.2624402454067,1992.8853879872265,100.0
Offloaded Data,6,1,46.065392519467004,1786.6805962220344,1832.9253925194669,100.0
Offloaded Data,1,3,14.615278372723312,1790.9687328254875,1805.6652783727234,100.0
Offloaded Data,8,1,24.70399648069074,1816.4171745495364,1841.3139964806905,100.0
Offloaded Data,31,2,140.3037786142074,1816.2895162002574,1956.7037786142075,100.0
Offloaded Data,10,3,17.182695668622006,1812.1752613366266,1829.402695668622,100.0
Offloaded Data,34,3,38.61733161455706,1815.3723946467508,1854.107331614557,100.0
Offloaded Data,35,2,7.0107373058189335,1825.1220606630307,1832.190737305819,100.0
Offloaded Data,22,2,788001000.0,1843.4267176698543,788002843.49,100.0
Offloaded Data,24,2,497000999.99999994,1879.9643061195227,497002880.06999993,100.0
Offloaded Data,38,2,483.19346257569947,1880.9142677193306,2364.2134625756994,100.0
Offloaded Data,2,1,98.66189021882843,1900.7566224689022,1999.4818902188283,100.0
Offloaded Data,3,2,10.02704650757563,1899.6380273538005,1909.8570465075757,100.0
Offloaded Data,12,2,10.665271615346223,1913.9781201542646,1924.8352716153463,100.0
Offloaded Data,0,2,7.658830900697127,1925.1171584742622,1932.8388309006973,100.0
Offloaded Data,48,3,48.495434843174124,1936.7418874442146,1985.355434843174,100.0
Offloaded Data,18,4,766001000.0,1934.1267352700302,766002934.19,100.0
Offloaded Data,41,3,526001000.0,1952.9560325391785,526002952.99,100.0
Offloaded Data,36,3,355.5053087967016,1968.7056549385945,2324.2553087967017,100.0
Offloaded Data,7,3,828001000.0,1971.0360232687342,828002971.11,100.0
Offloaded Data,5,2,13.932041630329152,2011.5390235649434,2025.552041630329,100.0
Offloaded Data,16,4,36.751073950534234,2026.5973601504645,2063.541073950534,100.0
Offloaded Data,45,2,6.415109396180522,2046.1442501192428,2052.6651093961805,100.0
Offloaded Data,48,4,8.18081517232219,2027.0525914477348,2035.3508151723222,100.0
Offloaded Data,29,5,440000999.99999994,2018.5492635661437,440003018.62999994,100.0
Offloaded Data,23,5,7.113998410755218,2029.0470104727822,2036.223998410755,100.0
Offloaded Data,17,1,41.34718504615713,2070.695912868182,2112.117185046157,100.0
Offloaded Data,46,5,6.993449013867934,2098.938064630034,2106.103449013868,100.0
Offloaded Data,32,2,848001000.0,2156.4059912685743,848003156.48,100.0
Offloaded Data,0,3,12.248558951383586,2153.227053673214,2165.5385589513835,100.0
Offloaded Data,34,4,77.98183403178977,2162.0223034462947,2240.1218340317896,100.0
Offloaded Data,21,3,3.229645365336745,2195.5868672713505,2198.8796453653367,100.0
Offloaded Data,5,3,4.688964612128383,2223.1695723676876,2227.9389646121285,100.0
Offloaded Data,33,2,118.5048065063555,2247.381349841527,2366.0048065063556,100.0
Offloaded Data,25,4,811001000.0,2228.93669926967,811003229.0,100.0
Offloaded Data,26,3,738001000.0,2249.2367576702545,738003249.3,100.0
Offloaded Data,15,3,792001000.0,2263.0560808690225,792003263.13,100.0
Offloaded Data,43,2,2.39378806629834,2275.6126354473586,2278.113788066298,100.0
Offloaded Data,37,3,24.3275138886489,2268.1396682010172,2292.577513888649,100.0
Offloaded Data,11,2,314.4323580516185,2281.1770529489286,2595.8023580516183,100.0
Offloaded Data,20,2,7.514674568234833,2283.7138837174107,2291.334674568235,100.0
Offloaded Data,17,2,47.47216095976362,2295.5163384703105,2343.062160959764,100.0
Offloaded Data,12,3,8.68759565568519,2291.7481169542484,2300.627595655685,100.0
Offloaded Data,27,4,96.45164629187181,2287.9060741395947,2384.391646291872,100.0
Offloaded Data,42,3,9.079418472701855,2299.9046869214267,2309.089418472702,100.0
Offloaded Data,14,2,7.485884033354266,2318.4210923134606,2326.045884033354,100.0
Offloaded Data,8,2,16.103273051361572,2319.9274737510323,2336.2232730513615,100.0
Offloaded Data,6,2,21.260319370263243,2328.101282625467,2349.5403193702637,100.0
Offloaded Data,39,2,9.039000271811549,2334.924899734818,2344.009000271811,100.0
Offloaded Data,30,4,3.790577189576788,2318.619554600449,2322.5205771895767,100.0
Offloaded Data,13,3,154.53918117685268,2330.2623914449186,2484.9091811768526,100.0
Offloaded Data,3,3,14.51221986971916,2336.1178369528484,2350.822219869719,100.0
Offloaded Data,28,5,639001000.0,2327.076325670246,639003327.15,100.0
Offloaded Data,31,3,74.45025635686454,2398.6199274023134,2473.1802563568644,100.0
Offloaded Data,33,3,22.078371359958915,2426.7324970472628,2448.928371359959,100.0
Offloaded Data,14,3,3.3121562299864538,2454.021753116764,2457.4721562299865,100.0
Offloaded Data,19,3,8.571377434617661,2454.08621846971,2462.7313774346176,100.0
Offloaded Data,16,5,42.14630805886851,2439.0874689510088,2481.426308058869,100.0
Offloaded Data,1,4,10.099742792199391,2458.748995228111,2468.9297427921992,100.0
Offloaded Data,5,4,15.626247053978387,2478.0285915627837,2493.7362470539783,100.0
Offloaded Data,4,2,687.9150893916141,2523.350791423011,3211.445089391614,100.0
Offloaded Data,49,4,348000999.99999994,2532.266791272574,348003532.3399999,100.0
Offloaded Data,11,3,104.03806152361086,2557.5278497529125,2661.7580615236106,100.0
Offloaded Data,42,4,31.93256449501807,2565.5136293161386,2597.552564495018,100.0
Offloaded Data,7,4,738001000.0,2589.126167269454,738003589.2,100.0
Offloaded Data,9,4,516000999.99999994,2590.5912186251467,516003590.7699999,100.0
Offloaded Data,15,4,376000999.99999994,2595.9858517395787,376003596.0299999,100.0
Offloaded Data,44,3,5.060037229810298,2637.13582646775,2642.2700372298104,100.0
Offloaded Data,46,6,3.2403867905690005,2613.948674233082,2617.360386790569,100.0
Offloaded Data,17,3,30.612177589115582,2661.256517671206,2691.9421775891155,100.0
Offloaded Data,41,4,412000999.99999994,2665.2861237400907,412003665.31999993,100.0
Offloaded Data,10,4,18.294693016727066,2678.195203736338,2696.534693016727,100.0
Offloaded Data,38,3,286.74967064797954,2697.2007691118447,2984.08967064798,100.0
Offloaded Data,21,4,1.9472117165356917,2718.9670560732384,2720.9772117165357,100.0
Offloaded Data,37,4,35.881691620990225,2730.589545000401,2766.58169162099,100.0
Offloaded Data,15,5,361000999.99999994,2725.4258757396983,361003725.46999997,100.0
Offloaded Data,13,4,167.4927839758571,2741.1623394443986,2908.762783975857,100.0
Offloaded Data,12,4,16.437052074941903,2818.2580145537363,2834.8870520749415,100.0
Offloaded Data,8,3,12.635501064286936,2835.9979457533927,2848.825501064287,100.0
Offloaded Data,9,5,913001000.0,2820.1105834219707,913003820.29,100.0
Offloaded Data,22,3,706001000.0,2899.28678327051,706003899.35,100.0
Offloaded Data,30,5,2.1493467940896323,2878.139922602289,2880.3993467940895,100.0
Offloaded Data,17,4,55.78387954590508,2915.4058792680144,2971.263879545905,100.0
Offloaded Data,21,5,1.4708223761844161,2911.657129673974,2913.1908223761843,100.0
Offloaded Data,15,6,310000999.99999994,2902.8159573401067,310003902.85999995,100.0
Offloaded Data,3,4,28.597480557321475,2938.797168149504,2967.587480557321,100.0
Offloaded Data,44,4,2.5700643524057294,2957.1765880715584,2959.8200643524056,100.0
Offloaded Data,47,2,16.2595511702,2975.911354641551,2992.2895511702004,100.0
Offloaded Data,43,3,6.216387895937761,2970.422218643191,2976.746387895938,100.0
Offloaded Data,19,4,5.783186201165125,2972.266589671566,2978.1231862011655,100.0
Offloaded Data,41,5,58.869116683856674,2969.1958517373705,3028.0991166838567,100.0
Offloaded Data,49,5,462.09144392498183,2976.8414074418147,3439.051443924982,100.0
Offloaded Data,23,6,8.262897532002247,2970.4368840715183,2978.762897532002,100.0
Offloaded Data,25,5,117.90028686673104,2997.1969648723266,3115.1602868667314,100.0
Offloaded Data,28,6,344000999.99999994,3012.056797672606,344004012.12999994,100.0
Offloaded Data,37,5,17.930613299342433,3033.909892202137,3051.9506132993424,100.0
Offloaded Data,12,5,33.03568208148435,3049.3272209497686,3082.5556820814845,100.0
Offloaded Data,18,5,810001000.0,3054.8167000696785,810004054.88,100.0
Offloaded Data,5,5,8.912308053253001,3079.7891467655595,3088.782308053253,100.0
Offloaded Data,22,4,745001000.0,3107.7367520701982,745004107.8,100.0
Offloaded Data,41,6,6.778429160724282,3109.8361133399862,3116.6484291607244,100.0
Offloaded Data,36,4,804.0036186538451,3132.3451333359862,3936.393618653845,100.0
Offloaded Data,40,3,5.394375373556006,3146.8609610238586,3152.434375373556,100.0
Offloaded Data,45,3,7.252904632861882,3147.6141317186507,3154.9729046328616,100.0
Offloaded Data,9,6,202.5865602134246,3138.3215866269866,3341.0865602134245,100.0
Offloaded Data,39,3,8.39024957166769,3178.0851173359065,3186.5202495716676,100.0
Offloaded Data,42,5,35.251196052162356,3162.2838549172666,3197.6411960521623,100.0
Offloaded Data,38,4,888001000.0,3179.350845912228,888004179.49,100.0
Offloaded Data,20,3,6.764390435018943,3206.7639925179546,3213.6343904350188,100.0
Offloaded Data,5,6,5.278668785863757,3200.9694667671597,3206.328668785864,100.0
Offloaded Data,32,3,524000999.99999994,3247.526509671166,524004247.59999996,100.0
Offloaded Data,10,5,12.733372035827834,3234.025355737099,3246.803372035828,100.0
Offloaded Data,11,4,151.6421689654943,3244.9372833500806,3396.7721689654945,100.0
Offloaded Data,27,5,10.911003496281804,3246.4357245360984,3257.3810034962817,100.0
Offloaded Data,47,3,3.403985202037777,3269.032594647751,3272.553985202038,100.0
Offloaded Data,31,4,299.6859984054226,3308.379204198697,3608.1759984054224,100.0
Offloaded Data,35,3,10.37740884805893,3364.4616910611826,3374.897408848059,100.0
Offloaded Data,3,5,20.291523284400956,3352.6476289518087,3373.1315232844013,100.0
Offloaded Data,48,5,70.18533822379926,3362.8717930437424,3433.175338223799,100.0
Offloaded Data,29,6,885001000.0,3400.1285515625837,885004400.21,100.0
Offloaded Data,49,6,33.85287852235908,3432.9321786456712,3466.902878522359,100.0
Offloaded Data,18,6,305000999.99999994,3436.927104073718,305004436.98999995,100.0
Offloaded Data,46,7,7.5006277487271396,3477.87798782965,3485.5506277487275,100.0
Offloaded Data,45,4,11.455591490231019,3513.963600515995,3525.5255914902314,100.0
Offloaded Data,20,4,8.743169983964245,3586.2936981164826,3595.1431699839645,100.0
Offloaded Data,43,4,3.4810900541645635,3600.692514646151,3604.281090054165,100.0
Offloaded Data,32,4,356000999.99999994,3605.71677847251,356004605.78999996,100.0
Offloaded Data,25,6,320.1989227954328,3618.076604868726,3938.3389227954326,100.0
Offloaded Data,48,6,17.939165563837125,3631.271999444775,3649.329165563837,100.0
Offloaded Data,31,5,109.29696835084823,3650.349594600649,3759.756968350848,100.0
Offloaded Data,30,6,4.401091527297677,3645.4593817995856,3649.9710915272976,100.0
Offloaded Data,0,4,25.871537204967183,3689.476656869246,3715.4115372049673,100.0
Offloaded Data,47,4,4.453709659826559,3701.492511447335,3706.0637096598266,100.0
Offloaded Data,39,4,6.722607740254885,3705.2053413370263,3711.9726077402547,100.0
Offloaded Data,26,4,711001000.0,3748.3567792704703,711004748.42,100.0
Offloaded Data,23,7,13.2861580686559,3721.8967456701344,3735.246158068656,100.0
Offloaded Data,16,6,86.81472973166284,3737.9171521494245,3824.924729731663,100.0
Offloaded Data,28,7,397000999.99999994,3733.396712872182,397004733.46999997,100.0
Offloaded Data,20,5,440000999.99999994,3787.01852383233,440004787.18999994,100.0
Offloaded Data,6,3,52.49043235561175,3829.2705562218343,3881.9404323556114,100.0
Offloaded Data,14,4,7.462073346580564,3857.8910747133727,3865.4920733465806,100.0
Offloaded Data,49,7,65.15047826569568,3832.1914106418308,3897.4604782656957,100.0
Offloaded Data,19,5,5.508670710088318,3902.896620071718,3908.478670710088,100.0
Offloaded Data,4,3,807001000.0,3941.2307530228186,807004941.41,100.0
Offloaded Data,32,5,455.2098360472173,3929.0163192702144,4384.2998360472175,100.0
Offloaded Data,42,6,23.733343927331823,3929.983906117523,3953.823343927332,100.0
Offloaded Data,8,4,22.527612363612736,3962.857198549657,3985.577612363613,100.0
Offloaded Data,3,6,21.639696026696708,3963.6176001516646,3985.4496960266965,100.0
Offloaded Data,13,5,7.622742783567727,3983.892480245807,3991.622742783568,100.0
Offloaded Data,38,5,180.8736889999095,3984.0710427132126,4165.083688999909,100.0
Offloaded Data,40,4,8.6568386534842,4009.7805594218507,4018.616838653484,100.0
Offloaded Data,22,5,660001000.0,4013.9868200708784,660005014.05,100.0
Offloaded Data,15,7,797001000.0,4028.045178136211,797005028.09,100.0
Offloaded Data,30,7,1.5031526696662822,4038.140002602689,4039.753152669666,100.0
Offloaded Data,4,4,319000999.99999994,4073.851533826723,319005074.0299999,100.0
Offloaded Data,16,7,30.426971195855792,4051.0973697505124,4081.716971195856,100.0
Offloaded Data,2,2,65.00646341073264,4109.7166160688375,4174.786463410733,100.0
Offloaded Data,17,5,35.99259177381154,4094.076436070798,4130.142591773812,100.0
Offloaded Data,18,7,319000999.99999994,4079.667092873606,319005079.72999996,100.0
Offloaded Data,23,8,7.5451052327745565,4070.487008872766,4078.0951052327746,100.0
Offloaded Data,11,5,93.57165133033267,4107.297979353561,4201.061651330332,100.0
Offloaded Data,5,7,301.3654973239469,4092.7216574610147,4394.145497323947,100.0
Offloaded Data,24,3,499.3021586653957,4135.123558915786,4634.532158665395,100.0
Offloaded Data,14,5,4.633013861294241,4122.991557915789,4127.763013861294,100.0
Offloaded Data,48,7,27.962992083973624,4102.951629842926,4131.032992083973,100.0
Offloaded Data,4,5,259.36154327786954,4143.061549826803,4402.6015432778695,100.0
Offloaded Data,21,6,4.387919803386615,4136.9366912695905,4141.3879198033865,100.0
Offloaded Data,34,5,203.30835888239952,4163.091522642391,4366.518358882399,100.0
Offloaded Data,33,4,151.86352572213667,4185.751404241799,4337.733525722137,100.0
Offloaded Data,32,6,532001000.0,4177.666496871102,532005177.74,100.0
Offloaded Data,29,7,81.80514774237112,4169.199245966055,4251.085147742371,100.0
Offloaded Data,3,7,17.10482615538407,4174.887808152705,4192.184826155384,100.0
Offloaded Data,43,5,862001000.0,4209.415763736491,862005209.45,100.0
Offloaded Data,10,6,8.824290793036853,4204.875726938954,4213.744290793037,100.0
Offloaded Data,12,6,23.47807692251073,4228.917544151384,4252.5880769225105,100.0
Offloaded Data,44,5,5.059417376481912,4240.4858344677905,4245.6194173764825,100.0
Offloaded Data,13,6,3.9653037003231213,4235.872672247727,4239.945303700322,100.0
Offloaded Data,20,6,335000999.99999994,4309.20869183317,335005309.37999994,100.0
Offloaded Data,45,5,4.2683694997418185,4359.024507720531,4363.398369499742,100.0
Offloaded Data,32,7,277000999.99999994,4349.596904873142,277005349.66999996,100.0
Offloaded Data,5,8,216.03789812732145,4340.771281459134,4556.8678981273215,100.0
Offloaded Data,8,5,9.908086675079577,4373.587964953488,4383.688086675079,100.0
Offloaded Data,46,8,8.740759436737681,4344.137754228483,4353.050759436738,100.0
Offloaded Data,0,5,7.215154092543867,4391.127090473582,4398.405154092544,100.0
Offloaded Data,7,5,764001000.0,4405.796125669246,764005405.87,100.0
Offloaded Data,38,6,394.40447547635944,4397.900754711773,4792.444475476359,100.0
Offloaded Data,43,6,377000999.99999994,4401.47615174037,377005401.50999993,100.0
Offloaded Data,15,8,694001000.0,4388.3753429370345,694005388.42,100.0
Offloaded Data,48,8,15.6601558419502,4390.442324246399,4406.22015584195,100.0
Offloaded Data,32,8,247001000.0,4400.316952873382,247005400.39,100.0
Offloaded Data,36,5,743001000.0,4435.855264536642,743005435.9,100.0
Offloaded Data,26,5,398000999.99999994,4502.157029672974,398005502.21999997,100.0
Offloaded Data,14,6,2.0294668066695185,4532.891938717692,4535.05946680667,100.0
Offloaded Data,46,9,3.576076941282738,4505.998650232962,4509.746076941283,100.0
Offloaded Data,6,4,18.243484445919464,4587.22104742429,4605.643484445919,100.0
Offloaded Data,1,5,23.724055665051807,4600.818632824487,4624.624055665052,100.0
Offloaded Data,7,6,405000999.99999994,4634.156700072118,405005634.22999996,100.0
Offloaded Data,33,5,66.9841777487275,4666.961689043223,4734.064177748727,100.0
Offloaded Data,41,7,13.332705194494515,4651.995786936723,4665.362705194494,100.0
Offloaded Data,42,7,12.278381228430161,4652.784291719451,4665.168381228431,100.0
Offloaded Data,8,6,16.07296002717095,4669.607568151505,4685.872960027171,100.0
Offloaded Data,26,6,728001000.0,4672.376765670334,728005672.44,100.0
Offloaded Data,3,8,20.743613721683158,4654.727620951769,4675.663613721683,100.0
Offloaded Data,35,4,12.65840186158004,4721.36148466015,4734.0784018615805,100.0
Offloaded Data,17,6,82.31124559752315,4718.755796067599,4801.141245597523,100.0
Offloaded Data,6,5,12.838974831379305,4741.8116538273225,4754.828974831379,100.0
Offloaded Data,19,6,5.591472009252786,4732.586589671566,4738.251472009252,100.0
Offloaded Data,5,9,101.11200303298222,4766.882265464054,4868.052003032982,100.0
Offloaded Data,16,8,111.39131224383166,4780.767484951089,4892.351312243832,100.0
Offloaded Data,20,7,263000999.99999994,4815.538807033746,263005815.70999995,100.0
Offloaded Data,18,8,574001000.0,4814.1568888715665,574005814.22,100.0
Offloaded Data,33,6,31.875411439302475,4883.371957844566,4915.365411439302,100.0
Offloaded Data,24,4,623.1135615531057,4911.943586115923,5535.163561553106,100.0
Offloaded Data,29,8,124.43283427148471,4875.908983564744,5000.422834271484,100.0
Offloaded Data,3,9,24.525755611712036,4886.387132949329,4911.105755611712,100.0
Offloaded Data,34,6,28.689024439598505,4924.532378646671,4953.339024439598,100.0
Offloaded Data,2,3,59.57531498051636,4966.60681527083,5026.245314980516,100.0
Offloaded Data,11,6,66.34670660958561,4945.557678552056,5012.096706609585,100.0
Offloaded Data,4,6,920001000.0,4952.840572221915,920005953.02,100.0
Offloaded Data,38,7,63.787885667480765,4952.901850717252,5016.827885667481,100.0
Offloaded Data,10,7,5.784415646283116,4965.695376537202,4971.524415646283,100.0
Offloaded Data,21,7,2.918808972798894,4966.15691527183,4969.138808972799,100.0
Offloaded Data,25,7,748001000.0,4972.728761625775,748005972.81,100.0
Offloaded Data,5,10,139.6552032564018,4944.902063863046,5084.615203256401,100.0
Offloaded Data,37,6,877001000.0,4985.216646469142,877005985.28,100.0
Offloaded Data,9,7,837001000.0,5002.990705022578,837006003.17,100.0
Offloaded Data,30,8,4.184573480904317,5008.499373799545,5012.794573480904,100.0
Offloaded Data,36,6,674001000.0,5034.095374937195,674006034.14,100.0
Offloaded Data,8,7,7.622535187052692,5041.328208154705,5049.142535187053,100.0
Offloaded Data,47,5,9.156490451280176,5068.821964244598,5078.096490451279,100.0
Offloaded Data,48,9,36.932509638428684,5051.011353041543,5088.062509638429,100.0
Offloaded Data,18,9,912001000.0,5082.756618468862,912006082.82,100.0
Offloaded Data,44,6,4.855653759345642,5112.825952868382,5117.7556537593455,100.0
Offloaded Data,23,9,12.621001350709262,5096.106705669734,5108.791001350709,100.0
Offloaded Data,7,7,464000999.99999994,5132.056605671646,464006132.12999994,100.0
Offloaded Data,41,8,3.750099328616507,5139.336262141474,5143.120099328617,100.0
Offloaded Data,10,8,1.9477418579370716,5199.326062940634,5201.317741857937,100.0
Offloaded Data,43,7,675001000.0,5239.355913337987,675006239.39,100.0
Offloaded Data,0,6,12.789153070889125,5251.917023272909,5264.769153070889,100.0
Offloaded Data,42,8,20.33809508615227,5248.094045318218,5268.538095086152,100.0
Offloaded Data,5,11,215.52828060574274,5235.531665461055,5451.118280605743,100.0
Offloaded Data,17,7,39.78328572995588,5277.30653847131,5317.163285729956,100.0
Offloaded Data,6,6,12.612986719815698,5301.0015962270345,5313.792986719816,100.0
Offloaded Data,1,6,5.676772353331802,5306.129105629216,5311.886772353332,100.0
Offloaded Data,23,10,7.493194950159445,5273.0369792724705,5280.59319495016,100.0
Offloaded Data,20,8,479000999.99999994,5304.658461432018,479006304.8299999,100.0
Offloaded Data,45,6,4.998220309665996,5328.124429320138,5333.228220309666,100.0
Offloaded Data,25,8,419000999.99999994,5323.199024828407,419006323.2799999,100.0
Offloaded Data,15,9,676001000.0,5326.565371737178,676006326.61,100.0
Offloaded Data,34,7,61.47110246082889,5347.371858644071,5408.961102460828,100.0
Offloaded Data,14,7,5.7150171664108615,5352.551431515156,5358.40501716641,100.0
Offloaded Data,44,7,4.039539946591969,5387.576120869222,5391.689539946592,100.0
Offloaded Data,39,5,9.10429641061001,5421.185131735978,5430.33429641061,100.0
Offloaded Data,9,8,202.13691064632158,5452.311714627626,5654.626910646321,100.0
Offloaded Data,3,10,21.68576635589713,5435.947334550337,5457.825766355897,100.0
Offloaded Data,20,9,202001000.0,5468.158904634234,202006468.33,100.0
Offloaded Data,8,8,7.098807862409477,5503.168137754352,5510.458807862409,100.0
Offloaded Data,24,5,126.86872279099367,5550.204477320379,5677.1787227909945,100.0
Offloaded Data,37,7,236001000.0,5535.94715927427,236006536.01,100.0
Offloaded Data,47,6,222001000.0,5565.0460981408105,222006565.09,100.0
Offloaded Data,4,7,398.6046520510588,5559.902061845088,5958.6246520510595,100.0
Offloaded Data,32,9,961001000.0,5551.49581046767,961006551.57,100.0
Offloaded Data,28,8,941001000.0,5583.04584246783,941006583.12,100.0
Offloaded Data,46,10,6.529446299070037,5573.9380918301695,5580.639446299069,100.0
Offloaded Data,1,7,15.394373266644038,5609.4887056252155,5624.964373266644,100.0
Offloaded Data,27,6,1309.13458658393,5620.715749667366,6929.92458658393,100.0
Offloaded Data,43,8,848001000.0,5612.265774936603,848006612.3,100.0
Offloaded Data,48,10,12.010689471291144,5599.042431446935,5611.170689471291,100.0
Offloaded Data,12,7,30.777706290051672,5666.117227349801,5697.087706290052,100.0
Offloaded Data,24,6,587001000.0,5690.034162118803,587006690.14,100.0
Offloaded Data,39,6,9.636670181854916,5706.48497813521,5716.166670181855,100.0
Offloaded Data,33,7,25.2178679731055,5699.992079445175,5725.327867973105,100.0
Offloaded Data,40,5,7.645948077742958,5719.850489021498,5727.675948077743,100.0
Offloaded Data,22,6,979001000.0,5719.226564868326,979006719.29,100.0
Offloaded Data,28,9,207001000.0,5705.07612214093,207006705.12,100.0
Offloaded Data,11,7,210.24612918897864,5746.307942553377,5956.746129188979,100.0
Offloaded Data,15,10,853001000.0,5718.245088535762,853006718.29,100.0
Offloaded Data,7,8,591001000.0,5757.30640247063,591006757.38,100.0
Offloaded Data,4,8,132.3181594691799,5767.962042644991,5900.3981594691795,100.0
Offloaded Data,31,6,153.42014747165263,5796.908826596809,5950.440147471653,100.0
Offloaded Data,13,7,11.009575151128644,5805.942281043815,5817.059575151129,100.0
Offloaded Data,32,10,773001000.0,5818.716111269174,773006818.79,100.0
Offloaded Data,17,8,23.462908875908518,5845.186616871702,5868.722908875909,100.0
Offloaded Data,10,9,5.255658194547356,5837.915429337467,5843.215658194547,100.0
Offloaded Data,40,6,1.9488873095325465,5872.981677827443,5875.108887309532,100.0
Offloaded Data,46,11,5.522306737342653,5843.068322231322,5848.762306737342,100.0
Offloaded Data,49,8,89.68452555236478,5884.251372241639,5974.054525552365,100.0
Offloaded Data,20,10,555001000.0,5887.61833983141,555006887.79,100.0
Offloaded Data,37,8,255.55129223101446,5916.217160074278,6171.831292231014,100.0
Offloaded Data,27,7,307.23600115957606,5939.506919273214,6246.8160011595755,100.0
Offloaded Data,19,7,6.293788338377629,5992.63650647115,5999.0037883383775,100.0
Offloaded Data,26,7,2212.77851732307,5998.775857337427,8211.588517323069,100.0
Offloaded Data,45,7,11.632268380658948,6014.083814917066,6025.822268380659,100.0
Offloaded Data,11,8,63.8763634869389,6023.658014553737,6087.72636348694,100.0
Offloaded Data,30,9,3.5881390961906274,6049.15953060033,6052.858139096191,100.0
Offloaded Data,32,11,446000999.99999994,6044.88663447179,446007044.9599999,100.0
Offloaded Data,29,9,153.76080489263015,6071.3984603621275,6225.24080489263,100.0
Offloaded Data,0,7,21.21062128561325,6125.626617668854,6146.900621285613,100.0
Offloaded Data,8,9,11.97992766426171,6114.947691352121,6127.119927664262,100.0
Offloaded Data,44,8,3.0580926348530655,6124.766431270775,6127.898092634853,100.0
Offloaded Data,7,9,261000999.99999997,6120.46693047327,261007120.53999996,100.0
Offloaded Data,3,11,23.050576300365456,6110.567084949089,6133.810576300366,100.0
Offloaded Data,12,8,8.170235229070524,6141.158078554057,6149.520235229071,100.0
Offloaded Data,13,8,6.845814144035337,6161.392522646231,6168.345814144035,100.0
Offloaded Data,28,10,405000999.99999994,6140.875805339347,405007140.91999996,100.0
Offloaded Data,34,8,43.7402557032973,6160.531965844606,6204.390255703297,100.0
Offloaded Data,31,7,129.48721945163203,6182.987107273751,6312.537219451632,100.0
Offloaded Data,21,8,3.424597368641299,6201.486829670975,6204.974597368641,100.0
Offloaded Data,9,9,104.1103080647464,6192.6212922255145,6296.9103080647465,100.0
Offloaded Data,5,12,201.18057701483528,6178.7420718630865,6379.980577014835,100.0
Offloaded Data,17,9,14.537702020033255,6212.296996073598,6226.907702020033,100.0
Offloaded Data,22,7,282000999.99999994,6269.157122473903,282007269.21999997,100.0
Offloaded Data,6,7,34.40701587157547,6277.260729022698,6311.847015871575,100.0
Offloaded Data,40,7,4.655959235003603,6304.841151424811,6309.6759592350045,100.0
Offloaded Data,27,8,667.1832681357603,6299.306831272775,6966.56326813576,100.0
Offloaded Data,35,5,11.525954095186696,6329.621510260279,6341.205954095187,100.0
Offloaded Data,4,9,244.86804451774057,6304.072458647071,6549.05804451774,100.0
Offloaded Data,11,9,357.625419080436,6319.447985753593,6677.265419080436,100.0
Offloaded Data,41,9,12.433711725199537,6323.915837337227,6336.3837117252,100.0
Offloaded Data,49,9,26.12462395496605,6322.982354646551,6349.224623954967,100.0
Offloaded Data,24,7,294.61702280432655,6350.553923717611,6645.277022804326,100.0
Offloaded Data,38,8,527.1298304293356,6346.741217114085,6874.009830429336,100.0
Offloaded Data,33,8,22.284669924503827,6350.3320362449585,6372.734669924504,100.0
Offloaded Data,0,8,8.813968373887135,6392.877048073158,6401.753968373887,100.0
Offloaded Data,3,12,992001000.0,6369.057640627913,992007369.23,100.0
Offloaded Data,23,11,9.728105482531147,6379.836912871806,6389.62810548253,100.0
Offloaded Data,28,11,271000999.99999994,6380.036019740419,271007380.0799999,100.0
Offloaded Data,45,8,3.046635258473708,6427.064710921547,6430.216635258474,100.0
Offloaded Data,32,12,495.02525602372447,6389.556420070719,6884.655256023724,100.0
Offloaded Data,1,8,12.584170701797538,6442.178798426144,6454.844170701797,100.0
Offloaded Data,10,10,3.304658520389947,6428.565790939274,6431.91465852039,100.0
Offloaded Data,36,7,252.28464499673848,6458.464869334667,6710.7946449967385,100.0
Offloaded Data,43,9,7824.903582921854,6452.4758493373465,14277.413582921854,100.0
Offloaded Data,49,10,13.558433939248275,6446.272517847367,6459.948433939248,100.0
Offloaded Data,22,8,351000999.99999994,6482.037067273351,351007482.09999996,100.0
Offloaded Data,16,9,70.91742480360782,6476.017337750352,6547.127424803608,100.0
Offloaded Data,38,9,81.37193508780658,6519.351519515596,6600.861935087806,100.0
Offloaded Data,44,9,4.341134347608474,6519.80605046887,6524.221134347608,100.0
Offloaded Data,0,9,18.385762472730597,6556.69682727095,6575.145762472731,100.0
Offloaded Data,21,9,4.0148828240566825,6559.006749670174,6563.084882824056,100.0
Offloaded Data,25,9,750001000.0,6620.706748070159,750007620.77,100.0
Offloaded Data,42,9,23.74088876902352,6620.904171718851,6644.750888769024,100.0
Offloaded Data,14,8,6.57468234501494,6646.771207514036,6653.484682345015,100.0
Offloaded Data,4,10,216.59821644694088,6712.8316810431825,6929.54821644694,100.0
Offloaded Data,18,10,651.8144801405164,6718.216728069958,7370.094480140516,100.0
Offloaded Data,20,11,868001000.0,6717.587839028906,868007717.76,100.0
Offloaded Data,14,9,3.0143589782078677,6748.5218171170845,6751.674358978208,100.0
Offloaded Data,34,9,38.21206608451324,6748.332197845767,6786.662066084513,100.0
Offloaded Data,3,13,853001000.0,6719.867863029026,853007720.04,100.0
Offloaded Data,31,8,322.45016972804643,6803.036724869927,7125.550169728047,100.0
Offloaded Data,2,4,40.56890293187495,6846.938672824888,6887.588902931875,100.0
Offloaded Data,38,10,727.1946028250177,6786.30087631238,7513.634602825017,100.0
Offloaded Data,6,8,7.8597115865494045,6840.94161542713,6848.9797115865495,100.0
Offloaded Data,26,8,716001000.0,6840.345880537659,716007840.38,100.0
Offloaded Data,4,11,39.988662038650965,6873.9825818476875,6914.088662038651,100.0
Offloaded Data,46,12,6.391454572168371,6882.978163830529,6889.541454572168,100.0
Offloaded Data,7,10,438000999.99999994,6919.725752539083,438007919.7699999,100.0
Offloaded Data,15,11,998001000.0,6913.714856534602,998007913.76,100.0
Offloaded Data,37,9,450.6947263521312,6940.9066608692865,7391.664726352132,100.0
Offloaded Data,40,8,3.9335720722471206,6993.201380225954,6997.313572072248,100.0
Offloaded Data,48,11,945001000.0,6967.285836067798,945007967.36,100.0
Offloaded Data,13,9,12.586551602706404,6997.732161842623,7010.426551602706,100.0
Offloaded Data,47,7,969001000.0,7033.484902934834,969008033.53,100.0
Offloaded Data,24,8,681001000.0,7030.944011718051,681008031.05,100.0
Offloaded Data,28,12,709001000.0,6991.675318936915,709007991.72,100.0
Offloaded Data,44,10,3.4898019133994733,7010.176280870022,7013.7398019134,100.0
Offloaded Data,45,9,4.233663502524962,7031.474550920747,7035.813663502525,100.0
Offloaded Data,7,11,556001000.0,7049.475563738139,556008049.52,100.0
Offloaded Data,49,11,13.6355582391191,7062.932450647031,7076.685558239119,100.0
Offloaded Data,41,10,12.320263132558404,7106.175814136995,7118.5302631325585,100.0
Offloaded Data,17,10,12.945488901613833,7112.446240869823,7125.465488901615,100.0
Offloaded Data,8,10,18.075249982883,7116.317494551136,7134.585249982883,100.0
Offloaded Data,0,10,14.293997967210473,7151.316882471502,7165.67399796721,100.0
Offloaded Data,48,12,367000999.99999994,7134.966760872422,367008135.03999996,100.0
Offloaded Data,32,13,625.2075304500241,7127.946015268694,7753.2275304500245,100.0
Offloaded Data,46,13,7.625139402150278,7129.977904629233,7137.77513940215,100.0
Offloaded Data,15,12,699.5320429885251,7176.855427737458,7876.432042988525,100.0
Offloaded Data,39,7,1538.5730619098706,7229.515808867663,8768.16306190987,100.0
Offloaded Data,44,11,1.4766601527827663,7191.646901673126,7193.196660152783,100.0
Offloaded Data,5,13,285.3609086182667,7172.881835061902,7458.3009086182665,100.0
Offloaded Data,31,9,1440.978707740656,7234.2062037408905,8675.218707740656,100.0
Offloaded Data,14,10,2.4882800737644484,7236.141868317341,7238.768280073764,100.0
Offloaded Data,18,11,277000999.99999994,7238.627126473942,277008238.68999994,100.0
Offloaded Data,36,8,476000999.99999994,7274.034339719691,476008274.1399999,100.0
Offloaded Data,23,12,10.72170154408595,7236.016816070838,7246.8017015440855,100.0
Offloaded Data,10,11,3.2877433657920454,7282.505813339387,7285.837743365792,100.0
Offloaded Data,22,9,417000999.99999994,7302.957014472822,417008303.0199999,100.0
Offloaded Data,16,10,53.043921228759096,7318.097590551616,7371.333921228759,100.0
Offloaded Data,12,9,25.102891158129513,7378.617742552377,7403.91289115813,100.0
Offloaded Data,41,11,11.89430543511702,7402.395865337507,7414.324305435117,100.0
Offloaded Data,3,14,444000999.99999994,7406.698517432298,444008406.86999995,100.0
Offloaded Data,5,14,267.7799638614942,7413.811511860286,7681.649963861494,100.0
Offloaded Data,35,6,11.264965683142137,7506.72160466075,7518.0449656831415,100.0
Offloaded Data,25,10,588001000.0,7516.096877671454,588008516.16,100.0
Offloaded Data,41,12,4.906470519766718,7497.266221341067,7502.206470519767,100.0
Offloaded Data,46,14,6.777750603881368,7492.98812383033,7499.937750603881,100.0
Offloaded Data,18,12,457.37617233405547,7528.536644069119,7985.976172334056,100.0
Offloaded Data,7,12,83.86515285991135,7540.7047221216035,7624.675152859912,100.0
Offloaded Data,48,13,276000999.99999994,7531.23690647315,276008531.30999994,100.0
Offloaded Data,0,11,11.115508401131558,7557.656976072439,7568.835508401132,100.0
Offloaded Data,26,9,1359.6001845000562,7601.385954938402,8961.020184500056,100.0
Offloaded Data,9,10,177.03279360363038,7596.640713022618,7773.85279360363,100.0
Offloaded Data,31,10,613001000.0,7600.785962938482,613008600.82,100.0
Offloaded Data,1,9,10.301339538556704,7633.528911227271,7643.911339538557,100.0
Offloaded Data,13,10,4.734362082881691,7632.712645047454,7637.554362082881,100.0
Offloaded Data,42,10,36.11466074306389,7669.213626116122,7705.434660743063,100.0
Offloaded Data,8,11,6.847157720148868,7662.24817135452,7669.287157720149,100.0
Offloaded Data,43,10,6913.407391694917,7676.575768536538,14590.017391694917,100.0
Offloaded Data,46,15,3.8075041060168617,7655.628576632595,7659.607504106017,100.0
Offloaded Data,30,10,257.25372134173256,7718.201649460975,7975.513721341733,100.0
Offloaded Data,16,11,86.01006060776037,7711.0672145497365,7797.270060607761,100.0
Offloaded Data,5,15,84.1164992039224,7723.442409464775,7807.616499203922,100.0
Offloaded Data,47,8,397000999.99999994,7801.335818139411,397008801.37999994,100.0
Offloaded Data,0,12,24.09658600251797,7805.246625668935,7829.406586002518,100.0
Offloaded Data,11,10,305.50691893226104,7828.70707534904,8134.406918932261,100.0
Offloaded Data,19,8,10.693139854552637,7848.476061668926,7859.243139854553,100.0
Offloaded Data,24,9,134.11623919488653,7899.994200518995,8034.216239194887,100.0
Offloaded Data,17,11,7.915613863332026,7905.916575271494,7913.905613863331,100.0
Offloaded Data,29,10,1263.9665960289697,7931.288645963055,9195.33659602897,100.0
Offloaded Data,22,10,344000999.99999994,7946.2670728734065,344008946.3299999,100.0
Offloaded Data,5,16,49.052021828097736,7889.302412664791,7938.412021828098,100.0
Offloaded Data,49,12,22.619578148685303,7929.822177045662,7952.5595781486845,100.0
Offloaded Data,35,7,5.67812203872465,8020.152198263719,8025.888122038725,100.0
Offloaded Data,32,14,432.6525345767039,7979.936309670166,8412.662534576704,100.0
Offloaded Data,44,12,4.486278781164162,8002.0659976686065,8006.626278781165,100.0
Offloaded Data,26,10,201001000.0,8034.8370264737505,201009034.91,100.0
Offloaded Data,2,5,29.419931598937918,8093.878720825367,8123.379931598938,100.0
Offloaded Data,23,13,9.82327253738615,8061.456804070719,8071.343272537387,100.0
Offloaded Data,9,11,282.9778083010139,8095.651529026699,8378.807808301013,100.0
Offloaded Data,34,10,70.75501376804249,8117.261799443775,8188.135013768043,100.0
Offloaded Data,2,6,208001000.0,8175.1971816744945,208009175.26,100.0
Offloaded Data,17,12,275.74417962785236,8128.692403445039,8404.544179627852,100.0
Offloaded Data,48,14,402000999.99999994,8114.026704872143,402009114.09999996,100.0
Offloaded Data,13,11,12.197781762242416,8151.10215064251,8163.407781762243,100.0
Offloaded Data,18,13,74.73126241008852,8170.195909337946,8244.961262410088,100.0
Offloaded Data,7,13,134.77977394623866,8176.944638921187,8311.829773946238,100.0
Offloaded Data,21,10,4.492782771596533,8210.426676069437,8214.982782771596,100.0
Offloaded Data,30,11,108.93287359003446,8242.321873462093,8351.312873590034,100.0
Offloaded Data,9,12,319.81386552556285,8260.431071424411,8580.423865525563,100.0
Offloaded Data,17,13,116.08729279238673,8271.012574646751,8387.207292792387,100.0
Offloaded Data,27,9,236.58471007946272,8321.63599446859,8558.294710079463,100.0
Offloaded Data,45,10,11.379479960856813,8329.673578115884,8341.159479960857,100.0
Offloaded Data,12,10,16.23838614269991,8339.817817752753,8356.2483861427,100.0
Offloaded Data,15,13,899001000.0,8310.475014935395,899009310.52,100.0
Offloaded Data,13,12,3.025343299966571,8363.112736248366,8366.245343299966,100.0
Offloaded Data,33,9,35.35858562386348,8394.671482642192,8430.148585623865,100.0
Offloaded Data,37,10,624.1351055689763,8386.836688869565,9011.035105568975,100.0
Offloaded Data,2,7,562001000.0,8433.776898471662,562009433.84,100.0
Offloaded Data,42,11,34.22959986323487,8403.263526915627,8437.599599863235,100.0
Offloaded Data,41,13,10.872782247835847,8433.065968538538,8443.972782247836,100.0
Offloaded Data,21,11,3.1400488256320327,8461.536873671415,8464.740048825632,100.0
Offloaded Data,12,11,12.40510847015052,8476.598134554337,8489.195108470152,100.0
Offloaded Data,14,11,9.306128759750491,8521.190901912509,8530.63612875975,100.0
Offloaded Data,18,14,78.31498910414051,8500.975785336706,8579.324989104141,100.0
Offloaded Data,31,11,855001000.0,8531.416664069318,855009531.48,100.0
Offloaded Data,1,10,12.770458879034312,8552.858799226153,8565.710458879035,100.0
Offloaded Data,26,11,962001000.0,8549.97580886766,962009550.05,100.0
Offloaded Data,46,16,5.711395922404974,8519.878333431378,8525.761395922404,100.0
Offloaded Data,16,12,26.66341815336858,8562.277865752993,8589.133418153368,100.0
Offloaded Data,27,10,68.93383065762059,8584.826677672007,8653.83383065762,100.0
Offloaded Data,28,13,442.9463264384197,8562.42399571797,9005.47632643842,100.0
Offloaded Data,41,14,11.045811851427501,8568.556022139075,8579.635811851427,100.0
Offloaded Data,19,9,12.277318615643997,8625.985852067877,8638.337318615644,100.0
Offloaded Data,7,14,128.7209868732027,8611.184542920708,8740.010986873203,100.0
Offloaded Data,26,12,290000999.99999994,8654.726884073038,290009654.79999995,100.0
Offloaded Data,6,9,29.0575659679739,8689.470732222715,8718.707565967974,100.0
Offloaded Data,20,12,893001000.0,8675.437799028707,893009675.61,100.0
Offloaded Data,4,12,499.5151256826936,8682.151493842248,9181.785125682694,100.0
Offloaded Data,22,11,664001000.0,8693.846816870846,664009693.91,100.0
Offloaded Data,14,12,2.9778451341763947,8710.131804317021,8713.247845134178,100.0
Offloaded Data,32,15,575001000.0,8737.266428070758,575009737.34,100.0
Offloaded Data,36,9,386.89196353696536,8801.563554115763,9188.561963536966,100.0
Offloaded Data,13,13,12.53885830821035,8792.70220664307,8805.348858308209,100.0
Offloaded Data,24,10,146.35791431831908,8840.574136518675,8987.03791431832,100.0
Offloaded Data,37,11,754001000.0,8841.896744870126,754009841.96,100.0
Offloaded Data,38,11,157.2204578741043,8873.840751511756,9031.200457874103,100.0
Offloaded Data,8,12,15.100564114130432,8889.59750895121,8904.890564114132,100.0
Offloaded Data,25,11,996001000.0,8939.24655126819,996009939.31,100.0
Offloaded Data,39,8,536.5418307810947,8986.786122469231,9523.401830781095,100.0
Offloaded Data,47,9,654001000.0,8979.665406937354,654009979.71,100.0
Offloaded Data,40,9,8.022834550958404,9006.730637822242,9014.932834550958,100.0
Offloaded Data,49,13,44.70259878681101,8973.031529042422,9017.85259878681,100.0
Offloaded Data,15,14,413000999.99999994,8968.945792539282,413009968.98999995,100.0
Offloaded Data,33,10,18.746877180098032,9017.292324246398,9036.156877180098,100.0
Offloaded Data,47,10,222001000.0,9027.496098140811,222010027.54,100.0
Offloaded Data,46,17,7.575933911928756,8958.917984629634,8966.665933911929,100.0
Offloaded Data,18,15,48.56489282992461,8989.65603173917,9038.254892829926,100.0
Offloaded Data,16,13,22.610105632524515,9020.567721752273,9043.370105632524,100.0
Offloaded Data,4,13,343.0450622164169,9029.621860244079,9372.785062216417,100.0
Offloaded Data,28,14,186.42990784609086,9020.074573320859,9206.609907846092,100.0
Offloaded Data,21,12,2.2302452833866133,9070.427006472743,9072.720245283386,100.0
Offloaded Data,27,11,49.84918692838681,9090.756957673406,9140.679186928386,100.0
Offloaded Data,7,15,217.12916856372013,9056.754365319819,9273.989168563721,100.0
Offloaded Data,25,12,475000999.99999994,9089.156968072357,475010089.21999997,100.0
Offloaded Data,36,10,344000999.99999994,9140.264550920747,344010140.36999995,100.0
Offloaded Data,29,11,1762.2702835754917,9133.009065165152,10895.360283575492,100.0
Offloaded Data,45,11,11.47839034449444,9147.963677316378,9159.548390344495,100.0
Offloaded Data,10,12,6.444284744794491,9143.845206936354,9150.334284744795,100.0
Offloaded Data,41,15,13.20584594078045,9147.165922138076,9160.40584594078,100.0
Offloaded Data,16,14,21.23826056725638,9173.517849752912,9194.948260567255,100.0
Offloaded Data,12,12,7.6324001470401,9199.548057753953,9207.37240014704,100.0
Offloaded Data,27,12,21.14905210582971,9233.736591271574,9254.959052105829,100.0
Offloaded Data,23,14,8.918688291213504,9221.206896071639,9230.188688291213,100.0
Offloaded Data,43,11,824001000.0,9259.475794136795,824010259.51,100.0
Offloaded Data,40,10,2.158089779879506,9277.141621827162,9279.47808977988,100.0
Offloaded Data,17,14,194.21420018515664,9248.392493045934,9442.714200185157,100.0
Offloaded Data,8,13,7.218255864872529,9293.998097754153,9301.408255864873,100.0
Offloaded Data,5,17,171.86259164221937,9262.89180626176,9434.81259164222,100.0
Offloaded Data,20,13,403000999.99999994,9313.098583032626,403010313.2699999,100.0
Offloaded Data,44,13,3.3560215410989724,9316.2263368703,9319.6560215411,100.0
Offloaded Data,47,11,985001000.0,9349.275772067478,985010349.35,100.0
Offloaded Data,16,15,13.807949320037713,9346.401903517517,9360.34794932004,100.0
Offloaded Data,6,10,34.92512175418378,9403.301169024899,9438.405121754184,100.0
Offloaded Data,25,13,356000999.99999994,9374.42706327331,356010374.48999995,100.0
Offloaded Data,3,15,850001000.0,9381.08786782905,850010381.26,100.0
Offloaded Data,0,13,26.05396338377365,9407.286654469222,9433.403963383775,100.0
Offloaded Data,7,16,90.05753113832573,9392.374718921586,9482.537531138325,100.0
Offloaded Data,30,12,124.51733638522259,9472.101764661551,9596.677336385223,100.0
Offloaded Data,22,12,331000999.99999994,9477.60708327351,331010477.66999996,100.0
Offloaded Data,33,11,32.32293270109038,9501.131535442455,9533.57293270109,100.0
Offloaded Data,35,8,13.410985776417798,9532.46145426,9545.930985776418,100.0
Offloaded Data,39,9,656001000.0,9524.606298470111,656010524.68,100.0
Offloaded Data,26,13,771001000.0,9537.97611446919,771010538.05,100.0
Offloaded Data,40,11,8.392888487455004,9567.09058342197,9575.662888487455,100.0
Offloaded Data,37,12,319000999.99999994,9572.097092873606,319010572.15999997,100.0
Offloaded Data,24,11,118.12632001447619,9589.00409331846,9707.236320014477,100.0
Offloaded Data,34,11,50.36851976985372,9619.831346641511,9670.318519769855,100.0
Offloaded Data,43,12,567001000.0,9669.57599973885,567010669.61,100.0
Offloaded Data,28,15,223.42135852285662,9663.464496520475,9886.991358522857,100.0
Offloaded Data,27,13,19.798790441568393,9702.936736872303,9722.808790441568,100.0
Offloaded Data,1,11,12.619817421472186,9725.618778425944,9738.319817421472,100.0
Offloaded Data,34,12,16.288123817792926,9717.78246024708,9734.188123817792,100.0
Offloaded Data,44,14,2.014934478853566,9699.296743272334,9701.384934478854,100.0
Offloaded Data,4,14,213.52069222870608,9715.291893844247,9928.930692228705,100.0
Offloaded Data,32,16,996001000.0,9732.934859734618,996010732.98,100.0
Offloaded Data,19,10,13.615290955098962,9798.859173965697,9812.555290955099,100.0
Offloaded Data,46,18,4.1806763403469445,9728.728517432297,9733.080676340347,100.0
Offloaded Data,15,15,415.9904037176869,9767.545878939714,10183.580403717688,100.0
Offloaded Data,30,13,79.90078094900834,9787.332134263397,9867.290780949008,100.0
Offloaded Data,11,11,208.71939568088564,9816.79715534944,10025.709395680886,100.0
Offloaded Data,41,16,12.820518550221466,9772.815922938084,9785.670518550221,100.0
Offloaded Data,49,14,37.86089019005686,9812.431812243838,9850.410890190056,100.0
Offloaded Data,31,12,652001000.0,9852.606826470943,652010852.67,100.0
Offloaded Data,45,12,9.992185298580868,9863.74372371661,9873.842185298581,100.0
